X,Y,NAME,ADDRESS,ZIPCODE,PHONE,NUMROOMS,WEB_URL,XCOORD,YCOORD,GIS_ID,MAR_ID,SE_ANNO_CAD_DATA,CREATED,EDITED,GLOBALID,OBJECTID
-8574583.42380329,4717672.12230263,MOTEL 6 WASHINGTON DC,6711 GEORGIA AVENUE NW,20012,202-722-1600,72,https://www.motel6.com/en/motels.dc.washington.4063.html?ncr=true,397678.38,144905.56,temp_62,285354,,,,{1142D291-C226-42A4-84E6-B252646D5A51},1
-8581050.12166392,4716054.30850869,EMBASSY SUITES BY HILTON WASHINGTON DC CHEVY CHASE PAVILION,4300 MILITARY ROAD NW,20015,202-362-9300,198,http://www.embassysuitesdcmetro.com/,392643.24,143654.27,temp_37,301908,,,,{0BE95693-60CB-406A-A816-51AD06DC2E08},2
-8575540.46751526,4715432.4959192,INTERNATIONAL GUEST HOUSE,1441 KENNEDY STREET NW,20011,202-726-5808,12,https://igh-dc.com/,396932.7,143169.27,temp_53,255891,,,,{63CEFF8E-6AB7-4886-A1D2-3F8A476BB422},3
-8578904.3360595,4714076.46902836,DAYS INN BY WYNDHAM WASHINGTON DC/CONNECTICUT AVENUE,4400 CONNECTICUT AVENUE NW,20008,202-244-5600,155,http://www.dcdaysinn.com/,394312.78,142119.11,temp_29,222132,,,,{4CBB73B8-C6F9-4FF9-BF56-11196E23925B},4
-8574762.83766631,4711638.71005815,ASANTE SANA INN,1207 KENYON STREET NW,20010,202-570-1281,6,,397537.26,140226.6,temp_6,231121,,,,{434825F8-89DB-42FA-A891-E5899A320F90},5
-8577782.59903509,4711386.72047161,THE KALORAMA GUEST HOUSE,2700 CATHEDRAL AVENUE NW,20008,202-588-8188,11,http://kaloramaguesthouse.com/,395185.03,140032.2,temp_91,284453,,,,{98A100F1-477F-4685-AA99-8A4777D121C4},6
-8583036.84194258,4711183.64738197,LUXBNB,5185 MACARTHUR BOULEVARD NW,20016,202-341-8799,,https://www.luxbnb.com/,391092.19,139878.21,temp_151,275285,,,,{8E13FABB-3C6F-4682-8D2C-296165ADD81A},7
-8577582.79889452,4711059.54150811,WOODLEY PARK GUEST HOUSE,2647 WOODLEY ROAD NW,20008,202-667-0218,15,http://www.dcinns.com/woodley.html,395340.51,139778.29,temp_132,219986,,,,{197865A7-6851-4CDC-8398-BE9CC438599A},8
-8577690.08858629,4710894.66537117,WASHINGTON MARRIOTT WARDMAN PARK,2660 WOODLEY ROAD NW,20008,202-328-2000,1300,http://www.marriott.com/hotels/travel/wasdt-washington-marriott-wardman-park/,395256.86,139650.43,temp_127,284450,,,,{207690BE-6EE9-4E63-8C74-BE305C863AB8},9
-8576231.71511286,4710869.06497749,ADAM'S INN,1746 LANIER PLACE NW,20009,202-745-3600,26,http://adamsinn.com/,396392.87,139629.97,temp_2,307146,,,,{680D04F3-C690-4FB1-B2C1-D7FE9A395B05},10
-8579700.06261153,4710693.05175542,KIMPTON GLOVER PARK HOTEL,2505 WISCONSIN AVENUE NW,20007,202-337-9700,150,https://www.gloverparkhotel.com,393691.04,139495.11,temp_78,301508,,,,{02808839-88B9-4D2D-B373-42F47B3E1477},11
-8576243.34605278,4710615.41509619,THE LINE DC,1770 EUCLID STREET NW,20009,202-588-0525,,https://www.thelinehotel.com/dc/,396383.72,139433.19,temp_143,235625,,,,{EA7056C1-F5A7-4172-A1E0-95C702252579},12
-8577574.94005963,4710595.51117624,OMNI SHOREHAM HOTEL,2500 CALVERT STREET NW,20008,202-234-0700,832,https://www.omnihotels.com/hotels/washington-dc-shoreham,395346.42,139418.29,temp_64,277165,,,,{98E9A64D-20C2-46AE-A694-B4DED8E4C499},13
-8576308.66021367,4710277.97956129,HIGHROAD HOSTE,1804 BELMONT ROAD NW,20009,202-735-3622,,http://highroadhostels.com/,396332.72,139171.42,temp_160,235426,,,,{7945147B-CAC0-447E-BF29-B7B6193D5F27},14
-8577005.48921802,4709955.34274495,WINDSOR PARK HOTEL,2116 KALORAMA ROAD NW,20008,202-483-7700,43,http://www.windsorparkhotel.com/,395789.75,138921.37,temp_131,234981,,,,{CBC65A5E-74AD-4387-B643-A0FB1B3A9F69},15
-8568328.19602156,4709930.37632468,DAYS INN BY WYNDHAM WASHINGTON DC/GATEWAY,2700 NEW YORK AVENUE NE,20002,202-832-5800,195,https://www.wyndhamhotels.com/days-inn/washington-district-of-columbia/days-inn-washington-dc-gateway/overview,402549.67,138901.29,temp_30,287175,,,,{4ACC04D6-A4E0-4D0B-8480-DC502E66CBAD},16
-8576715.38080132,4709892.49341421,AMERICAN GUEST HOUSE,2005 COLUMBIA ROAD NW,20009,202-588-1180,12,http://www.americanguesthouse.com/,396015.73,138872.49,temp_5,235122,,,,{7BF4C1B3-BB38-4FBE-A975-B71FD9247A7B},17
-8569371.48883321,4709851.39446334,QUALITY INN  & SUITES NEW YORK AVE,1600 NEW YORK AVENUE NE,20002,202-832-3200,134,https://www.choicehotels.com/district-of-columbia/washington/quality-inn-hotels/dc012,401736.92,138839.79,temp_21,60554,,,,{AAFD8E51-6E10-4AD4-8AF8-FFBBA411E3DC},18
-8576892.69605187,4709832.09625495,THE NORMANDY HOTEL,2118 WYOMING AVENUE NW,20008,202-483-1350,75,http://www.thenormandydc.com/,395877.57,138825.7,temp_95,235029,,,,{224BE920-757B-4743-9662-F5E8D98770AF},19
-8568427.17673667,4709766.87687645,"FAIRFIELD INN & SUITES WASHINGTON, DC/NEW YORK AVENUE",2305 NEW YORK AVENUE NE,20002,202-266-3000,126,http://www.marriott.com/hotels/travel/wasna-fairfield-inn-and-suites-washington-dc-new-york-avenue/,402472.6,138774.41,temp_41,307042,,,,{C234A095-4423-40AB-A272-B0539582A1A8},20
-8569427.10616341,4709741.23509367,IVY CITY HOTEL,1615 NEW YORK AVENUE NE,20002,202-529-3900,58,https://www.ivycityhotel.com/,401693.61,138754.31,temp_11,286348,,,,{1AAB7442-BA43-4D1B-A639-51ACBFB33EB3},21
-8576636.78574022,4709713.92293679,WASHINGTON HILTON,1919 CONNECTICUT AVENUE NW,20009,202-483-3000,1070,http://www3.hilton.com/en/hotels/district-of-columbia/washington-hilton-DCAWHHH/index.html,396076.89,138733.91,temp_106,242829,,,,{92FD24C7-776D-4115-B83F-7FF1205B9930},22
-8576828.66591831,4709701.06606506,THE CHURCHILL HOTEL NEAR EMBASSY ROW,1914 CONNECTICUT AVENUE NW,20009,202-797-2000,173,http://www.thechurchillhotel.com/,395927.4,138724.01,temp_19,235060,,,,{A23B6339-EF86-4D69-9A92-A4EB7268226F},23
-8573497.61911557,4709658.80462221,THE BIRDHOUSE BED AND BREAKFAST,327 T STREET NW,20001,202-770-7059,7,https://www.birdhousebnb.com/index.htm,398522.46,138690.31,temp_145,229780,,,,{03604A89-2C1D-49FD-9700-F13159395D65},24
-8576818.87240113,4709651.66981462,"COURTYARD WASHINGTON, DC/DUPONT CIRCLE",1900 CONNECTICUT AVENUE NW,20009,202-332-9300,147,http://www.marriott.com/hotels/travel/wasnw-courtyard-washington-dc-dupont-circle/,395935.01,138685.68,temp_24,235054,,,,{2D81B3D8-1FCE-4D25-A3AF-DB907B9F9B1C},25
-8573259.46394982,4709606.94502772,LEDROIT PARK BED AND BREAKFEAST,210 T STREET NW,20001,202-277-7847,2,http://www.ledroitparkrenaissancebedandbreakfast.com/,398707.99,138650.04,temp_56,229977,,,,{8CD3F771-CD06-411D-A85F-583DC1405BDC},26
-8579146.66222031,4709570.19112401,GEORGETOWN HILL INN,1832 WISCONSIN AVENUE NW,20007,202-298-6021,8,http://www.georgetownhillinn.com/,394121.48,138623.6,temp_45,274540,,,,{BEBAD762-E2EF-47FF-916B-F2D991D07FC8},27
-8575713.84122657,4709545.47684107,WINDSOR INN,1842 16TH STREET NW,20009,202-667-0300,58,http://www.windsor-inn-hotel-dc.com/,396795.86,138602.89,temp_130,241907,,,,{E372DA81-9BFA-4CEB-9AAE-11B124EB5491},28
-8575973.72316726,4709441.2828801,SWANN HOUSE LLC,1808 NEW HAMPSHIRE AVENUE NW,20009,202-265-4414,12,http://swannhouse.com/,396593.36,138522.13,temp_81,241551,,,,{3E89ED31-A23B-4A53-86D6-3ED441BB234F},29
-8575994.94258602,4709266.92464414,KIMPTON CARLYLE HOTEL,1731 NEW HAMPSHIRE AVENUE NW,20009,202-234-3200,170,https://www.carlylehoteldc.com/boutique-hotels-washington-dc/,396576.77,138386.85,temp_18,241652,,,,{7878B550-BC90-4069-B5F9-EA1D0686FD10},30
-8576766.99819555,4709213.07531521,IVY MANSION B&B AT DUPONT CIRCLE,1705 21ST STREET NW,20009,202-302-0242,,http://theivymansion.com/,395975.25,138345.35,temp_167,277124,,,,{D60DA30F-1CF6-4FA3-B5AD-36115B7DA69B},31
-8577145.73081202,4709135.93479617,EMBASSY CIRCLE GUEST HOUSE,2224 R STREET NW,20008,202-232-7744,11,http://www.dcinns.com/embassy.html,395680.15,138285.65,temp_35,234892,,,,{4EBA4752-84CB-4C9F-8C54-9A61A92A082E},32
-8571111.95446555,4709121.69327582,HOWARD JOHNSON BY WYNDHAM WASHINGTON DC,600 NEW YORK AVENUE NE,20002,202-546-9200,53,https://www.wyndhamhotels.com/hojo/washington-district-of-columbia/howard-johnson-express-inn-washington-dc/overview,400381.05,138273.43,temp_122,288753,,,,{2AACC7BF-1964-42DA-B723-AEED8BA9841A},33
-8575614.11419406,4709108.36951525,THE EMBASSY INN HOTEL,1627 16TH STREET NW,20009,202-234-7800,39,https://embassy-inn-hotel-dc.com/,396873.42,138263.7,temp_87,242291,,,,{37D9D8AE-972B-47FD-AF07-977BDB134BB4},34
-8579981.3970661,4709104.34214434,GEORGETOWN UNIVERSITY HOTEL & CONFERENCE CENTER,3800 RESERVOIR ROAD NW,20007,202-687-3200,146,http://www.acc-guhotelandconferencecenter.com/,393470.87,138262.65,temp_48,291547,,,,{BECF906B-400C-4EBD-A544-B7C42850E2AB},35
-8571234.56785601,4708981.72715525,HOMEWOOD SUITES WASHINGTON DC NOMA UNION STATION,501 NEW YORK AVENUE NE,20002,202-393-8001,,http://homewoodsuites3.hilton.com/en/hotels/district-of-columbia/homewood-suites-by-hilton-washington-dc-noma-union-station-DCANEHW/index.html,400267.79,138159.12,temp_159,288413,,,,{B13E7DA7-DE7F-4CF5-A01A-0D8C6BC30F48},36
-8571257.33256254,4708974.38076569,HAMPTON INN WASHINGTON DC NOMA UNION STATION,501 NEW YORK AVENUE NE,20002,202-393-1001,,http://hamptoninn3.hilton.com/en/hotels/district-of-columbia/hampton-inn-washington-dc-noma-union-station-DCANYHX/index.html,400267.79,138159.12,temp_133,288413,,,,{7E01CA8B-37C8-4A00-A20D-6C79BFD2DBE9},37
-8576687.24581699,4708892.79350645,THE EMBASSY ROW HOTEL,2015 MASSACHUSETTS AVENUE NW,20036,202-265-1600,231,http://www.embassyrowhotel.com/,396037.26,138096.8,temp_36,225934,,,,{29C3D41F-943C-46D1-BB6C-6C8A73D383E4},38
-8576835.5633656,4708859.17193543,THE FAIRFAX AT EMBASSY ROW,2100 MASSACHUSETTS AVENUE NW,20008,202-293-2100,259,https://fairfaxwashingtondc.com,395921.69,138070.77,temp_88,225940,,,,{71DAF82A-2602-4DAB-895C-F9377D280795},39
-8576398.09327416,4708856.36022381,THE DUPONT CIRCLE HOTEL,1500 NEW HAMPSHIRE AVENUE NW,20036,202-483-6000,327,http://www.doylecollection.com/locations/washington_dc_hotels/the_dupont_circle_hotel.aspx,396262.53,138068.42,temp_85,225560,,,,{F115C58A-64D9-4532-A2A7-E0D29284DFEC},40
-8576997.56511245,4708831.39187177,THE BARON HOTEL,1523 22ND STREET NW,20037,202-293-1887,53,http://www.thebaronhotel.com/,395795.46,138049.28,temp_83,225698,,,,{BE229AFB-AAFA-48BE-9CBC-78BF655CF1B1},41
-8571367.05121092,4708813.35538363,MOTEL 6 WASHINGTON DC - CONVENTION CENTER,1345 4TH STREET NE,20002,202-544-2000,33,https://www.motel6.com/en/motels.dc.washington.4481.html?ncr=true,400182.31,138034.17,temp_63,66534,,,,{B15127F3-1ADB-4105-BE10-4BD7AA7D9824},42
-8576879.04970258,4708762.42991247,KIMPTON HOTEL PALOMAR WASHINGTON DC,2121 P STREET NW,20037,202-448-1800,335,http://www.hotelpalomar-dc.com/,395887.77,137995.72,temp_119,225942,,,,{C6FA902F-4587-4ADE-855C-4E0BF3EC67A7},43
-8576868.86750569,4708704.72617247,"RESIDENCE INN WASHINGTON, DC/DUPONT CIRCLE",2120 P STREET NW,20037,202-466-6800,107,http://www.marriott.com/hotels/travel/wasri-residence-inn-washington-dc-dupont-circle/,395895.68,137950.94,temp_71,279547,,,,{0BF18491-8F93-4406-AE52-F8A5C16D8177},44
-8577762.92578531,4708678.88508673,THE AVERY GEORGETOWN,2616 P STREET NW,20007,202-827-4390,,https://www.averygeorgetown.com/,395199.08,137931.28,temp_162,272383,,,,{7AB6399C-509D-47EA-BBC3-CAAD4890041A},45
-8574241.31068361,4708609.82096345,"CAMBRIA HOTEL WASHINGTON, DC CONVENTION CENTER",899 O STREET NW,20001,202-299-1188,,https://www.cambriadc.com/en-us,397942.87,137876.5,temp_150,310640,,,,{523B5C18-2F3B-4CB7-BCDE-684BA6F741AF},46
-8575122.30028461,4708580.44087829,BED AND BREAKFAST DC,1339 14TH STREET NW,20005,202-328-3510,,https://www.bedandbreakfastdc.com,397256.45,137853.91,temp_146,229780,,,,{B46B43B4-E3B0-45CA-B905-5211BC37BEA1},47
-8576713.41552746,4708557.85420046,THE MANSION ON O STREET,2020 O STREET NW,20036,202-496-2000,49,http://omansion.com/lodging,396016.74,137836.91,temp_93,243057,,,,{3B5D37DE-374D-4E9C-9857-676FDC604938},48
-8574578.10086351,4708547.74081505,DC LOFTY HOSTEL,1333 11TH STREET NW,20001,202-506-7106,,http://dclofty.com/,397680.45,137828.4,temp_31,239320,,,,{56D11201-FE3F-4F29-B9F2-B94C8481A8B4},49
-8575623.0421467,4708541.09059757,KIMPTON ROUGE HOTEL,1315 16TH STREET NW,20036,202-232-8000,137,http://www.rougehotel.com/,396866.29,137823.52,temp_120,242317,,,,{4AB29100-8457-4BC6-B50C-9FA31012FAB8},50
-8575493.98185759,4708519.58114929,HOLIDAY INN WASHINGTON DC-CENTRAL/WHITE HOUSE,1501 RHODE ISLAND AVENUE NW,20005,202-483-2000,212,http://www.inndc.com/,396966.84,137806.79,temp_110,242311,,,,{48811EEB-73D6-42C5-B8D3-7CDE9B212547},51
-8575275.1502743,4708514.54684131,KIMPTON MASON & ROOK HOTEL,1430 RHODE ISLAND AVENUE NW,20005,202-742-3100,178,https://www.masonandrookhotel.com/,397137.34,137802.82,temp_115,279165,,,,{12B658A4-BB3E-4E03-BFA0-0F431EA9865E},52
-8575301.3279618,4708501.13487211,THE DISTRICT HOTEL,1440 RHODE ISLAND AVENUE NW,20005,202-232-7800,58,http://dcembassyinn.wixsite.com/district,397116.94,137792.42,temp_32,218282,,,,{085A0BD9-E6EF-49B6-9C15-0A84B45F1725},53
-8575553.7040583,4708493.8098692,THE DARCY HOTEL,1515 RHODE ISLAND AVENUE NW,20005,202-232-7000,226,https://www.thedarcyhotel.com/,396920.3,137786.81,temp_34,242312,,,,{522B68A3-9693-417B-94CE-07781A10DEEA},54
-8571953.22490255,4708473.87936154,"COURTYARD WASHINGTON, DC/U.S. CAPITOL",1325 2ND STREET NE,20002,202-898-4000,218,http://www.marriott.com/hotels/travel/wasus-courtyard-washington-dc-us-capitol/,399725.6,137770.75,temp_27,304846,,,,{C7ADF6DF-A2DA-47E8-B35C-BC145C25C3EC},55
-8576465.07286464,4708466.13125552,INN AT DUPONT SOUTH,1312 19TH STREET NW,20036,202-359-8432,8,http://www.thedupontcollection.com,396210.2,137765.64,temp_52,241066,,,,{F69DDD06-025B-4E9D-99C3-D93B9C6A786B},56
-8576694.34099392,4708450.48975875,KIMPTON HOTEL MADERA,1310 NEW HAMPSHIRE AVENUE NW,20036,202-296-7600,82,http://www.hotelmadera.com/,396031.56,137753.59,temp_117,243325,,,,{3CFBC419-0C25-4603-8CC7-05020384B5CF},57
-8572456.51526313,4708438.25572798,HYATT PLACE WASHINGTON DC/US CAPITOL,33 NEW YORK AVENUE NE,20002,202-289-5599,200,https://washingtondcuscapitol.place.hyatt.com/en/hotel/home.html,399333.46,137743.13,temp_156,37070,,,,{F0625992-6010-42DD-9ACF-45CB6BC95B24},58
-8576052.82283672,4708424.97990748,TABARD INN,1739 N STREET NW,20036,202-785-1277,40,http://www.tabardinn.com/,396531.39,137733.56,temp_82,218468,,,,{D9AFB04B-9EB7-4154-984F-3FCA0CD869EB},59
-8576021.42752438,4708419.9162524,KIMPTON TOPAZ HOTEL,1733 N STREET NW,20036,202-393-3000,99,http://www.topazhotel.com/,396555.85,137729.62,temp_99,241760,,,,{D91A2871-852B-4A97-9005-6405566D0125},60
-8578676.80611843,4708389.37400888,GEORGETOWN INN,1310 WISCONSIN AVENUE NW,20007,202-333-8900,96,http://www.georgetowninn.com/,394486.89,137707.09,temp_46,279035,,,,{DD0E3E60-C410-4A13-98F1-7467C5960254},61
-8575836.71758762,4708366.97891328,BEACON HOTEL AND CORPORATE QUARTERS,1615 RHODE ISLAND AVENUE NW,20036,202-296-2100,60,http://www.beaconhotelwdc.com/,396699.75,137688.48,temp_8,279263,,,,{9D14F921-1303-4CC3-B63C-8E0743A9A810},62
-8577105.27986544,4708338.40418009,THE DISTRICT BY HILTON CLUB,1250 22ND STREET NW,20037,202-449-3100,318,http://www3.hilton.com/en/hotels/district-of-columbia/the-district-by-hilton-club-WASVCGV/index.html,395711.33,137666.78,temp_39,242364,,,,{AA49D678-1FFF-49FA-B70F-D1F4A9DF319B},63
-8575339.44212585,4708313.72062342,"HOMEWOOD SUITES WASHINGTON, D.C. DOWNTOWN",1475 MASSACHUSETTS AVENUE NW,20005,202-265-8000,175,http://homewoodsuites3.hilton.com/en/hotels/district-of-columbia/homewood-suites-by-hilton-washington-dc-downtown-WASHWHW/index.html,397087.19,137647,temp_111,279197,,,,{7E38CA73-82FC-4569-8D7E-B90CA9E82FEB},64
-8575716.68103455,4708312.22112804,COURTYARD WASHINGTON EMBASSY ROW,1600 RHODE ISLAND AVENUE NW,20036,202-293-8000,158,http://www.marriott.com/hotels/travel/wasem-courtyard-washington-embassy-row/,396793.26,137645.95,temp_25,242882,,,,{D6986656-E280-4BB1-8AD1-166300325734},65
-8574576.8173391,4708283.52237146,DUO HOUSING HOSTEL,1223 11TH STREET NW,20001,202-808-2195,,http://duohousing.com/,397681.39,137623.37,temp_165,239327,,,,{C7DC6F45-8FA7-48EF-AE88-1E0D59160671},66
-8576825.46923554,4708271.34836183,THE CONCORDIA,1250 NEW HAMPSHIRE AVENUE NW,20036,202-557-2000,121,http://www.theconcordia.com/,395929.32,137614.63,temp_84,279009,,,,{370BE2B9-598C-48AE-A663-95A126741134},67
-8572226.25336196,4708255.68021369,HILTON GARDEN INN WASHINGTON DC/U.S. CAPITOL,1225 1ST STREET NE,20002,202-408-4870,204,http://hiltongardeninn3.hilton.com/en/hotels/district-of-columbia/hilton-garden-inn-washington-dc-us-capitol-DCANMGI/index.html,399512.86,137601.44,temp_108,307284,,,,{52F8C669-0E2C-4C0F-B03D-E5C1B69A1AD6},68
-8575049.04484248,4708252.97287297,WASHINGTON PLAZA HOTEL,10 THOMAS CIRCLE NW,20005,202-842-1300,355,http://www.washingtonplazahotel.com/,397313.44,137599.78,temp_128,298252,,,,{11686F92-48BB-40C7-8188-24D7E88FC08B},69
-8576998.92706181,4708227.63608457,WASHINGTON MARRIOTT GEORGETOWN,1221 22ND STREET NW,20037,202-872-1500,470,http://www.marriott.com/hotels/travel/waswe-washington-marriott/,395794.15,137580.78,temp_126,300163,,,,{12270AC1-9724-4DF6-9BAF-D480D6823409},70
-8575714.94489673,4708208.04621338,"THE JEFFERSON, WASHINGTON, DC",1200 16TH STREET NW,20036,202-448-2300,96,http://www.jeffersondc.com/,396794.58,137565.11,temp_54,242021,,,,{82FB4315-1206-4796-B368-EF010292CE0D},71
-8576753.12655325,4708203.31835037,SAINT GREGORY,2033 M STREET NW,20036,202-530-3600,155,http://www.stgregoryhotelwdc.com/,395985.66,137561.81,temp_77,279520,,,,{BFD54571-FD54-43AF-91A7-86BA67EDEA92},72
-8574868.20711198,4708203.29058892,COMFORT INN DOWNTOWN DC/CONVENTION CENTER,1201 13TH STREET NW,20005,202-682-5300,100,https://www.dcdowntownhotel.com/,397454.33,137561.18,temp_22,240912,,,,{3C15ABA4-53C5-40A0-A14B-6DBC1BD986DA},73
-8571036.62425254,4708184.83336124,KELLOGG CONFERENCE HOTEL AT GALLAUDET UNIVERSITY,800 FLORIDA AVENUE NE,20002,202-651-6000,97,http://kelloggconferencehotel.com/index.php,400439.78,137546.46,temp_43,288964,,,,{6703DC44-83E2-4B90-80A1-DB6A189E0355},74
-8577292.11011185,4708178.08122728,PARK HYATT WASHINGTON,1201 24TH STREET NW,20037,202-789-1234,216,http://parkwashington.hyatt.com/en/hotel/home.html,395565.69,137542.45,temp_66,242765,,,,{1ACFC627-E85D-4D08-A02B-053218A2E020},75
-8577364.51882369,4708152.47338314,THE FAIRMONT,2401 M STREET NW,20037,202-429-2400,415,http://www.fairmont.com/washington/,395509.26,137522.61,temp_89,273950,,,,{96C6AB1A-48BF-4315-94B6-FF12C3F02233},76
-8576961.78181729,4708148.6483704,HYATT PLACE WASHINGTON DC/GEORGETOWN/WEST END,2121 M STREET NW,20037,202-838-2222,168,https://www.hyatt.com/en-US/hotel/washington-dc/hyatt-place-washington-dc-georgetown-west-end/waszm,395823.06,137519.47,temp_154,310698,,,,{C0ACC0FD-393E-4046-AA53-E8942AC3DB5A},77
-8577062.86164602,4708145.3984693,HILTON GARDEN INN WASHINGTON DC/GEORGETOWN AREA,2201 M STREET NW,20037,202-947-6010,,http://hiltongardeninn3.hilton.com/en/hotels/district-of-columbia/hilton-garden-inn-washington-dc-georgetown-area-WASWEGI/index.html,395744.3,137516.99,temp_149,243160,,,,{1F5CE6A1-B2C7-400F-9E40-251311B512F7},78
-8573421.74399174,4708140.85816327,MT. VERNON SQUARE BED & BREAKFAST,400 M STREET NW,20001,888-399-5496,5,http://mvsbed.com/,398581.36,137512.45,temp_169,237558,,,,{5DF0FDD4-D5D2-4449-98F9-A7E3EB160868},79
-8575392.58374341,4708126.65196043,"THE MADISON WASHINGTON DC, A HILTON HOTEL",1177 15TH STREET NW,20005,202-862-1600,365,http://www3.hilton.com/en/hotels/district-of-columbia/the-madison-washington-dc-a-hilton-hotel-DCAKEHH/accommodations/index.html,397045.73,137501.85,temp_57,240251,,,,{17B680FD-6CDA-4958-8B39-7CC8BA092E53},80
-8575323.13567406,4708119.04895184,"THE WESTIN WASHINGTON, D.C. CITY CENTER",1400 M STREET NW,20005,202-429-1700,406,http://www.starwoodhotels.com/westin/property/overview/index.html?propertyID=1761,397099.84,137495.93,temp_97,240254,,,,{858BE937-D3A2-4481-AFB7-7EA1DF02DE7E},81
-8575115.19950552,4708086.73965919,KIMPTON DONOVAN HOTEL,1155 14TH STREET NW,20005,202-737-1200,193,http://www.donovanhousehotel.com/,397261.85,137470.8,temp_33,242940,,,,{5DDF92AD-53CE-455B-B5C8-66EA0E9798E0},82
-8577288.87972231,4708069.82378201,"THE WESTIN GEORGETOWN, WASHINGTON D.C.",2350 M STREET NW,20037,202-429-0100,267,http://www.westingeorgetown.com/,395568.16,137458.44,temp_129,242338,,,,{6279977C-00E8-46E6-B9F2-30BE10019533},83
-8578271.43565206,4708043.61859851,THE GRAHAM GEORGETOWN,1075 THOMAS JEFFERSON STREET NW,20007,202-337-0900,57,https://www.thegrahamgeorgetown.com/,394802.56,137438.57,temp_90,273855,,,,{E4FD09BD-F9CB-4636-86FB-2FC3BA665658},84
-8576895.62735742,4708035.50165618,THE WINK WASHINGTON DC,1143 NEW HAMPSHIRE AVENUE NW,20037,202-775-0800,346,https://www.thewinkhoteldc.com/,395874.56,137431.64,temp_68,243210,,,,{E2D97D66-86BF-4192-9DC4-B30052D58D44},85
-8577973.38311498,4708029.68720666,FOUR SEASONS HOTEL,2800 PENNSYLVANIA AVENUE NW,20007,202-342-0444,222,http://www.fourseasons.com/washington/,395034.79,137427.61,temp_42,279626,,,,{DED3E56E-8888-425F-8BB9-A62E87C72CBF},86
-8577063.47951385,4708004.98779099,"THE RITZ-CARLTON, WASHINGTON, D.C.",1150 22ND STREET NW,20037,202-835-0500,300,http://www.ritzcarlton.com/en/Properties/WashingtonDC/Default.htm,395743.76,137408.03,temp_74,278889,,,,{1C1D21F4-C7F0-4410-A4CA-C3F0A4C3151B},87
-8575994.44576608,4707994.03953897,"THE MAYFLOWER HOTEL, AUTOGRAPH COLLECTION",1127 CONNECTICUT AVENUE NW,20036,202-347-3000,657,https://www.marriott.com/hotels/travel/wasak-the-mayflower-hotel-autograph-collection/,396576.73,137399.13,temp_94,241797,,,,{AA3E3FF5-1C57-4B1C-893F-61501B4E543D},88
-8574428.30790504,4707991.85350459,THE ELDON LUXURY SUITES,933 L STREET NW,20001,202-540-5000,50,http://eldonsuites.com/,397797.04,137397,temp_86,239808,,,,{5D8F2C8F-FC8B-4A7E-9130-483AA7844B5D},89
-8575204.58023401,4707990.27955671,"RESIDENCE INN WASHINGTON, DC DOWNTOWN",1199 VERMONT AVENUE NW,20005,202-898-1100,202,http://www.marriott.com/hotels/travel/wasdc-residence-inn-washington-dc-downtown/,397192.18,137395.97,temp_70,278914,,,,{49EA08F1-A584-4848-ACE7-F23F202C0522},90
-8574551.28054378,4707984.7824785,MORRISON-CLARK INN,1011 L STREET NW,20001,202-898-1200,114,http://www.morrisonclark.com/,397701.22,137391.54,temp_61,239355,,,,{D0173C37-D06E-4A19-9CBA-AC11176D7C6E},91
-8573637.19760007,4707984.74997289,HOMEWOOD SUITES WASHINGTON DC CONVENTION CENTER,465 NEW YORK AVENUE NW,20001,202-628-4663,,http://homewoodsuites3.hilton.com/en/hotels/district-of-columbia/homewood-suites-by-hilton-washington-dc-convention-center-WASCOHW,398413.46,137391.34,temp_139,279794,,,,{45562536-E2FD-4CAA-AFC8-6E480170F286},92
-8578162.85927081,4707982.51814861,GEORGETWON SUITES 30TH STREET,1111 30TH STREET NW,20007,202-298-7800,220,http://www.georgetownsuites.com/,394887.13,137391.1,temp_49,294968,,,,{B94C8132-1DA0-4A30-8089-149E877B35C7},93
-8574306.51093101,4707980.49531308,RESIDENCE INN WASHINGTON DOWNTOWN/CONVENTION CENTER,901 L STREET NW,20001,202-408-5300,,https://www.marriott.com/hotels/maps/travel/wasrd-residence-inn-washington-downtown-convention-center/,397891.94,137388.16,temp_157,313138,,,,{C256B9F8-315B-4F7D-990A-0213422ABE5C},94
-8574293.71160978,4707980.26548516,COURTYARD WASHINGTON DOWNTOWN/CONVENTION CENTER,901 L STREET NW,20001,202-589-1800,,https://www.marriott.com/hotels/travel/wasyv-courtyard-washington-downtown-convention-center/,397891.94,137388.16,temp_148,313138,,,,{34F617F5-C71E-49CA-8407-DAFAAC8EA6DD},95
-8578388.00135476,4707977.5244177,THE GEORGETOWN HOUSE,1061 31ST STREET NW,20007,202-827-4294,11,https://www.thegeorgetownhousedc.com/,394711.7,137387.34,temp_163,273844,,,,{2C4C504C-B234-45ED-9FFD-D044DE926FB4},96
-8576939.01263021,4707974.16573643,GEORGETOWN INN WEST END,1121 NEW HAMPSHIRE AVENUE NW,20037,202-457-0565,76,https://www.georgetowninnwestend.com/,395840.73,137384.06,temp_9,242738,,,,{655B1401-6C08-4620-A1BF-CA6D9F1F3145},97
-8578442.29486434,4707929.15149817,"ROSEWOOD WASHINGTON, D.C.",1050 31ST STREET NW,20007,202-617-2400,61,https://www.rosewoodhotels.com/en/washington-dc,394669.37,137349.83,temp_12,273780,,,,{CE7405BF-83BE-4600-B31A-01BAD14E1242},98
-8576355.07389811,4707927.57670117,HOTEL RL,1823 L STREET NW,20036,202-223-4320,99,https://www.redlion.com/washington-dc,396295.71,137347.68,temp_96,241297,,,,{4782822B-79C4-45C1-8D8C-12E1FFE348DD},99
-8575415.43376848,4707866.30120372,THE ARCHITECT HOTEL,1025 15TH STREET NW,20005,202-408-8200,,http://www.thearchitecthotel.com/,397027.85,137299.82,temp_161,278793,,,,{02901E55-29B9-4AD1-A931-BECEF2140038},100
-8577575.56570046,4707849.80597991,AVENUE SUITES HOTEL,2500 PENNSYLVANIA AVENUE NW,20037,202-333-8060,124,https://www.avenuesuitesgeorgetown.com/,395344.68,137287.83,temp_7,273885,,,,{05257E97-AEFF-4567-96E0-0D4A20F34866},101
-8577136.49261804,4707840.86786216,ONE WASHINGTON CIRCLE HOTEL,1 WASHINGTON CIRCLE NW,20037,202-872-1680,151,http://www.thecirclehotel.com/,395686.8,137280.7,temp_65,242366,,,,{6E5B4C63-D6D4-4AB2-BEDE-2B6F7F38C958},102
-8574295.49733707,4707826.77882353,"MARRIOT MARQUIS WASHINGTON, DC",901 MASSACHUSETTS AVENUE NW,20001,202-824-9200,1175,https://www.marriott.com/hotels/travel/wasco-marriott-marquis-washington-dc,397900.49,137268.87,temp_125,239811,,,,{5BD2A1F8-5A23-4EA2-B8B1-4A96D9D305E5},103
-8578469.64605438,4707818.11869846,RITZ-CARLTON GEORGETOWN,3100 SOUTH STREET NW,20007,202-912-4100,86,http://www.ritzcarlton.com/en/hotels/washington-dc/georgetown,394648,137263.68,temp_75,300061,,,,{04F244E0-1573-4BED-8780-47284D048B0A},104
-8574462.86965324,4707808.79543782,HENLEY PARK HOTEL,926 MASSACHUSETTS AVENUE NW,20001,202-638-5200,96,http://www.henleypark.com/,397770.07,137254.95,temp_105,242922,,,,{56A3E237-36EB-4003-8845-9E4ADAD1B9F5},105
-8575601.06312048,4707805.21379567,CAPITAL HILTON,1001 16TH STREET NW,20036,202-393-1000,541,http://www3.hilton.com/en/hotels/district-of-columbia/capital-hilton-DCASHHH/index.html,396883.19,137252.47,temp_13,278775,,,,{ECC6D70D-952B-4B14-A8EB-F625B4DB02B2},106
-8577465.13511853,4707789.48634365,MELROSE GEORGETOWN HOTEL,2430 PENNSYLVANIA AVENUE NW,20037,202-955-6400,277,http://www.melrosehoteldc.com/,395430.7,137240.97,temp_60,279592,,,,{B1E15437-F4E3-443B-B85E-1BC75BDD907E},107
-8578097.39069617,4707776.61365356,GEORGETOWN SUITES HARBOUR,1000 29TH STREET NW,20007,202-298-7800,222,http://www.georgetownsuites.com/,394938.04,137231.28,temp_47,276422,,,,{FC49DC2C-C10D-4815-AE6A-A2D4C65206B7},108
-8575117.35129001,4707776.27095074,HAMILTON HOTEL WASHINGTON DC,1001 14TH STREET NW,20005,202-682-0111,301,http://www.hamiltonhoteldc.com/,397260.09,137229.87,temp_51,240644,,,,{E522A5DD-6379-465A-B2A1-BD4D6D356C70},109
-8574769.55905334,4707775.71575151,EATON WASHINGTON DC,1201 K STREET NW,20005,202-289-7600,209,https://www.eatonworkshop.com/hotel/dc,397531.09,137229.35,temp_144,243282,,,,{6133E994-CB72-4143-81A3-93A5B21A149A},110
-8574579.44106494,4707774.93590233,HI WASHINGTON DC HOSTEL,1009 11TH STREET NW,20001,202-737-2333,250,http://www.hiusa.org/washingtondc/,397679.23,137228.7,temp_112,239366,,,,{E9548CC0-E098-46C7-AE6D-0313A4687E93},111
-8575570.60606045,4707666.31486029,HYATT PLACE WASHINGTON DC/WHITE HOUSE,1522 K STREET NW,20005,202-830-1900,164,https://www.hyatt.com/en-US/hotel/washington-dc/hyatt-place-washington-dc-white-house/waszw,396906.88,137144.67,temp_152,218324,,,,{F3E8D00D-1646-4CE9-B870-ECD15D821E29},112
-8575619.28096603,4707659.64652818,"THE ST. REGIS WASHINGTON, D.C.",923 16TH STREET NW,20006,202-638-2626,193,http://www.starwoodhotels.com/stregis/property/overview/index.html?propertyID=193,396868.95,137139.51,temp_79,242334,,,,{4F11E36F-6E9C-4B75-A57D-5FCAA636E0BB},113
-8574518.03387078,4707646.71277334,EMBASSY SUITES BY HILTON WASHINGTON DC CONVENTION CENTER,900 10TH STREET NW,20001,202-739-2001,382,http://embassysuites3.hilton.com/en/hotels/district-of-columbia/embassy-suites-washington-dc-convention-center-WASCCES/index.html,397727.05,137129.18,temp_38,300519,,,,{9AF64A27-9EE8-479A-A893-951460DD071A},114
-8574238.01301993,4707620.09012303,RENAISSANCE WASHINGTON DC DOWNTOWN,999 9TH STREET NW,20001,202-898-9000,807,http://www.marriott.com/hotels/travel/wasrb-renaissance-washington-dc-downtown-hotel/,397945.24,137108.46,temp_69,218802,,,,{750DCA5E-7CAD-4D4D-B3BD-9BCE8122BA76},115
-8573788.4683219,4707613.22605101,HAMPTON INN WASHINGTON DOWNTOWN CONVENTION CENTER,901 6TH STREET NW,20001,202-842-2500,228,http://hamptoninn3.hilton.com/en/hotels/district-of-columbia/hampton-inn-washington-downtown-convention-center-WASHHHX/index.html,398295.53,137103.05,temp_103,300640,,,,{23727267-E050-46B9-AFEC-B9CD39397559},116
-8576712.66766406,4707577.53440655,HOTEL LOMBARDY,2019 PENNSYLVANIA AVENUE NW,20006,202-828-2600,140,http://www.hotellombardy.com/,396016.94,137076.17,temp_116,307825,,,,{20BEC307-BB50-4A0E-AE57-D2B19244DCA3},117
-8573318.9490133,4707568.44829145,CAPITAL VIEW HOSTEL,301 I STREET NW,20001,202-450-3450,,http://www.capitalhostels.com/,398661.38,137068.23,temp_15,289320,,,,{EE0B2A55-3531-4CB7-8A31-4648F48FE8A6},118
-8574428.95962841,4707565.0419418,CONRAD WASHINGTON DC,950 NEW YORK AVENUE NW,20001,202-844-5900,,http://conradhotels3.hilton.com/en/hotels/district-of-columbia/conrad-washington-dc-WASCICI/index.html,397796.44,137065.78,temp_134,309621,,,,{C62301F2-27C7-4306-8896-31448A4E691F},119
-8577580.2226883,4707562.2790284,THE RIVER INN,924 25TH STREET NW,20037,202-337-7600,125,http://www.theriverinn.com/,395340.92,137064.7,temp_76,273930,,,,{5060D2B5-CD27-4A40-8E90-AE35B7052C5D},120
-8575969.26476243,4707512.50031822,"CLUB QUARTERS HOTEL WASHINGTON, D.C.",839 17TH STREET NW,20006,202-463-6400,185,https://clubquartershotels.com/locations/club-quarters-hotel-washington-dc,396596.19,137025.43,temp_20,218777,,,,{913A0FD0-E542-4608-BD3C-A92967B93774},121
-8575133.64111307,4707454.00343905,HILTON GARDEN INN WASHINGTON DC DOWNTOWN,815 14TH STREET NW,20005,202-783-7800,300,http://hiltongardeninn3.hilton.com/en/hotels/district-of-columbia/hilton-garden-inn-washington-dc-downtown-DCACHGI/index.html,397247.31,136979.78,temp_107,279961,,,,{1431F8BD-A724-4BE5-B640-AC386223CB78},122
-8575715.05620285,4707433.78529087,THE HAY-ADAMS,800 16TH STREET NW,20006,202-638-6600,145,http://www.hayadams.com/,396794.25,136964.26,temp_104,279937,,,,{E69EBBA2-702F-478E-913C-E1BEFA41134E},123
-8575384.56111701,4707430.97633455,SOFITEL WASHINGTON DC LAFAYETTE SQUARE,806 15TH STREET NW,20005,202-730-8800,237,http://www.sofitel.com/gb/hotel-3293-sofitel-washington-dc-lafayette-square/index.shtml,397051.78,136961.98,temp_121,279949,,,,{892EBBD2-724D-4DBA-B18F-DDA66A15B4E8},124
-8576177.1005036,4707426.78330811,HAMPTON INN WASHINGTON DC/WHITE HOUSE,1729 H STREET NW,20006,202-296-1006,116,http://hamptoninn3.hilton.com/en/hotels/district-of-columbia/hampton-inn-washington-dc-white-house-WASHSHX/index.html,396434.21,136958.98,temp_102,279355,,,,{99273D82-C886-4372-9068-CCB718F02A87},125
-8571500.44577966,4707420.00887087,CITY HOUSE HOSTEL WASHINGTON DC,506 H STREET NE,20002,202-370-6390,,http://www.cityhousehostels.com/washington-dc/,400078.39,136952.92,temp_164,13950,,,,{EC7EF159-D0A2-4B00-A99B-D8F375FD8A74},126
-8577465.18834396,4707390.86394344,ARC THE.HOTEL,824 NEW HAMPSHIRE AVENUE NW,20037,202-843-1564,95,https://arcthehoteldc.com,395430.48,136931.62,temp_44,274009,,,,{9174132E-3A66-4AD1-B970-CB5966E484C6},127
-8573961.04547414,4707360.7053831,POD HOTEL DC,627 H STREET NW,20001,202-847-4444,,https://www.thepodhotel.com/pod-dc/,398161.01,136907.11,temp_147,238700,,,,{A0CC6825-3082-4624-ADFB-9180A1C9D0EC},128
-8576086.33710793,4707352.73201442,AKA WHITE HOUSE,1710 H STREET NW,20006,202-904-2500,142,http://www.stayaka.com/locations/white_house/default.aspx,396504.91,136901.48,temp_3,218432,,,,{007122C9-758F-45F1-84FB-B8BCDC5FD4A4},129
-8577417.09730891,4707336.82404886,"RESIDENCE INN WASHINGTON, DC/FOGGY BOTTOM",801 NEW HAMPSHIRE AVENUE NW,20037,202-785-2000,103,https://www.marriott.com/hotels/travel/wasfg-residence-inn-washington-dc-foggy-bottom/,395467.93,136889.66,temp_72,277506,,,,{74A9AE05-0F02-45AB-A3FB-A43B67CFA405},130
-8575316.11218201,4707334.77245361,THE WOODWARD BY BRIDGESTREET,733 15TH STREET NW,20005,1-800-278-7338,,https://www.bridgestreet.com/properties/washington/the-woodward,397105.09,136887.3,temp_10,279921,,,,{D1AA9453-C94C-46F8-AFE8-9FD694CEF8E1},131
-8573744.02643845,4707309.45656217,"FAIRFIELD INN & SUITES WASHINGTON, DC/DOWNTOWN",500 H STREET NW,20001,202-289-5959,189,http://www.marriott.com/hotels/travel/wasfc-fairfield-inn-and-suites-washington-dc-downtown/,398330.11,136867.3,temp_40,242981,,,,{897D2F08-E88C-4614-8802-E82C5B02E74E},132
-8574694.13548492,4707267.17848941,MARRIOTT AT METRO CENTER,775 12TH STREET NW,20005,202-737-2200,459,http://www.marriott.com/hotels/travel/wasmc-washington-marriott-at-metro-center/,397589.74,136834.68,temp_59,239130,,,,{91DE3C1B-4603-4EAA-965A-A8B712BCECA5},133
-8577814.82755633,4707263.50143086,THE WATERGATE HOTEL,2650 VIRGINIA AVENUE NW,20037,202-827-1600,336,https://www.thewatergatehotel.com,395157.97,136832.94,temp_137,279606,,,,{FFF54DFB-3D50-4E2B-8F1D-DC4BF2C59851},134
-8574549.64773145,4707264.28375209,GRAND HYATT WASHINGTON,1000 H STREET NW,20001,202-582-1234,897,https://washingtondc.grand.hyatt.com/en/hotel/home.html,397702.33,136832.4,temp_50,239368,,,,{5A9AA1A6-D877-412F-8F50-3A7AA4ACB420},135
-8577129.51734934,4706952.48947948,HOTEL HIVE,2224 F STREET NW,20037,202-849-8499,50,http://www.hotelhive.com,395691.86,136591.26,temp_4,242724,,,,{43ACECEA-2BED-4468-82D3-A8821EE8D08A},136
-8572656.14205764,4706941.6394724,PHOENIX PARK HOTEL,520 NORTH CAPITOL STREET NW,20001,202-638-6900,149,http://www.phoenixparkhotel.com/,399177.8,136581.71,temp_67,237156,,,,{7B10485A-63AC-406A-A34B-3E8DDCB3B8D7},137
-8574309.03224743,4706938.97415641,COURTYARD WASHINGTON CONVENTION CENTER,900 F STREET NW,20004,202-638-4600,188,http://www.marriott.com/hotels/travel/wascn-courtyard-washington-convention-center/,397889.76,136579.88,temp_23,243269,,,,{A486E911-A8DF-414D-8143-6482393FEF1E},138
-8574101.65468068,4706927.89490552,KIMPTON HOTEL MONACO,700 F STREET NW,20004,202-628-7177,183,http://www.monaco-dc.com/,398051.36,136571.24,temp_118,301590,,,,{535553A0-7BC0-4237-8E1A-A7769578F183},139
-8575318.09248852,4706923.10164925,W WASHINGTON D.C.,515 15TH STREET NW,20004,202-661-2400,317,http://www.wwashingtondc.com/,397103.43,136567.81,temp_100,279820,,,,{C10699F3-DED2-487E-AE1F-F30D1BFB65F3},140
-8572836.5252181,4706902.25548118,WASHINGTON COURT HOTEL,525 NEW JERSEY AVENUE NW,20001,202-628-2100,265,http://washingtoncourthotel.com/,399037.23,136551.16,temp_101,279827,,,,{E46938C1-46C2-468C-80A9-EB883EAA585B},141
-8576575.68053851,4706860.04391401,"COURTYARD WASHINGTON, DC/FOGGY BOTTOM",515 20TH STREET NW,20006,202-296-5700,149,http://www.marriott.com/hotels/travel/wasfb-courtyard-washington-dc-foggy-bottom/,396123.41,136519.29,temp_26,279821,,,,{76B5E305-2020-4D0F-AC12-362B3B559E4D},142
-8575201.65194038,4706856.91522757,WILLARD INTERCONTINENTAL WASHINGTON D.C.,1401 PENNSYLVANIA AVENUE NW,20004,202-628-9100,340,http://washington.intercontinental.com/,397194.15,136516.41,temp_98,279129,,,,{235943B9-B41E-4A84-9969-860F8870E0A8},143
-8572703.94568775,4706843.09043939,KIMPTON GEORGE HOTEL,15 E STREET NW,20001,202-347-4200,139,http://www.hotelgeorge.com/,399140.54,136505.23,temp_113,237159,,,,{4BF1DE63-0DB5-4897-AAF4-A9B4E92FFC71},144
-8576888.82232454,4706841.11187143,STATE PLAZA HOTEL,2117 E STREET NW,20037,202-861-8200,460,http://www.stateplaza.com/,395879.38,136504.72,temp_80,242537,,,,{D8298C3F-8B76-4CB2-B187-404198BF6073},145
-8575093.33953276,4706839.05609677,JW MARRIOTT,1331 PENNSYLVANIA AVENUE NW,20004,202-393-2000,772,http://www.marriott.com/hotels/travel/wasjw-jw-marriott-washington-dc/,397278.55,136502.52,temp_55,279081,,,,{39C87AC2-9D11-4B61-9224-71A3A2AE0CB8},146
-8574640.25891766,4706781.34944601,HOTEL HARRINGTON,436 11TH STREET NW,20004,202-628-8140,242,http://www.hotel-harrington.com/,397631.61,136457.62,temp_114,300863,,,,{AA50FC15-ECF7-4FE5-8481-533FCE78AE9A},147
-8574130.26908708,4706763.47684611,STAY ALFRED ON 8TH STREET,425 8TH STREET NW,20004,855-923-8300,,https://www.stayalfred.com/property/stay-alfred-on-8th-street,398029.03,136443.64,temp_136,226572,,,,{200025B5-AA19-4375-A1F3-B721315318DB},148
-8572790.35567159,4706699.20923178,THE LIASON CAPITOL HILL,415 NEW JERSEY AVENUE NW,20001,202-638-1616,343,https://www.jdvhotels.com/hotels/washington-dc/washington/liaison-capitol-hill,399073.19,136393.57,temp_92,237162,,,,{A652E5CA-8CCB-448F-BA08-A01EED5CFB07},149
-8572903.85696611,4706696.0642739,HYATT REGENCY WASHINGTON ON CAPITOL HILL,400 NEW JERSEY AVENUE NW,20001,202-737-1234,836,http://washingtonregency.hyatt.com/en/hotel/home.html,398984.74,136391.14,temp_123,279731,,,,{F9E62F62-FBC5-455C-ADCE-5B0CA410E7A4},150
-8574669.16709357,4706514.59037105,"TRUMP INTERNATIONAL HOTEL WASHINGTON, D.C.",1100 PENNSYLVANIA AVENUE NW,20004,202-695-1100,263,https://www.trumphotels.com/washington-dc,397609.02,136250.59,temp_138,293192,,,,{5AC7CD34-A65C-45C7-B904-6E141F241BDD},151
-8571518.71816131,4706082.53313805,FOUND PLACES CAPITOL HILL BED AND BREAKFAST,101 5TH STREET NE,20002,202-798-1262,11,https://www.capitolhillbnb.com/en-us,400064.16,135914.89,temp_166,75958,,,,{3CC8F707-86D2-48DB-B547-09B98D7EB8FD},152
-8570485.30956071,4705694.60909279,A CAPITOL PLACE,134 12TH STREET SE,20003,202-543-1020,5,,400869.56,135613.84,temp_1,66757,,,,{B1595633-C875-4D9B-B7A7-DF1602D0383A},153
-8571510.26634946,4705612.11345736,INDEPENDENCE HOUSE B & B,504 INDEPENDENCE AVENUE SE,20003,202-328-3510 ,,https://www.bedandbreakfastdc.com/accommodations/independence-house-b-b,400070.75,135549.76,temp_124,14495,,,,{E64D2FC7-4E62-45E5-824F-7EA97B073765},154
-8571943.27719999,4705389.38354213,CAPITOL HILL HOTEL,200 C STREET SE,20003,202-543-6000,152,http://capitolhillhotel-dc.com/,399733.27,135376.88,temp_16,278017,,,,{B430950F-6524-4A91-B35F-B4B732600CAC},155
-8563429.57625192,4705353.85762872,,5213 B STREET SE,20019,202-670-6332,4,http://www.malolobandb.com/,406368.73,135351.86,temp_168,11549,,,,{E3631AB3-381B-47B5-BEC6-7AE5F0F277A0},156
-8573785.85614645,4705303.81647563,HOLIDAY INN CAPITOL,550 C STREET SW,20024,202-479-4000,532,http://www.hicapitoldc.com/,398297.18,135310.64,temp_109,276671,,,,{A3BE1E4E-2EC2-40E0-90E7-1EE88814338D},157
-8574313.39517688,4705056.15900023,HILTON WASHINGTON DC NATIONAL MALL,480 L'ENFANT PLAZA SW,20024,202-871-8345,372,http://hiltondcnationalmall.com/,397885.97,135118.5,temp_14,302307,,,,{F13CDFAF-5080-4278-9AA0-497669A28DD2},158
-8573374.40732389,4705015.02685676,"RESIDENCE INN WASHINGTON, DC/CAPITOL",333 E STREET SW,20024,202-484-8280,233,http://www.marriott.com/hotels/travel/wascp-residence-inn-washington-dc-capitol/,398617.82,135086.41,temp_73,277584,,,,{5DD7573C-0631-4826-BD0A-9DB3362550BB},159
-8574990.59922096,4705013.3262908,MANDARIN ORIENTAL,1330 MARYLAND AVENUE SW,20024,202-554-8588,400,https://www.mandarinoriental.com/washington/national-mall/luxury-hotel,397358.14,135085.41,temp_58,297583,,,,{BAC41F2E-B095-4965-ADA8-C68375ACC480},160
-8570722.96338451,4704979.43381213,DUO NOMAD,1010 PENNSYLVANIA AVENUE SE,20003,202-629-3495,,https://www.duonomad.com,400684.39,135058.69,temp_158,75803,,,,{03F8F5EC-78CD-4D87-BC7F-165F3223C341},161
-8573600.74185802,4704935.71846191,HYATT PLACE WASHINGTON DC/NATIONAL MALL,400 E STREET SW,20024,202-803-6110,214,https://dcnationalmall.place.hyatt.com/en/hotel/home.html,398441.4,135024.88,temp_141,311526,,,,{A0B25068-D7B7-49E3-94E5-73576E2AB226},162
-8574389.29016069,4704414.12680036,INTERCONTINENTAL WASHINGTON D.C. - THE WHARF,801 WHARF STREET SW,20024,202-800-0844,,https://wharfintercontinentaldc.com,397826.68,134620.13,temp_135,312937,,,,{26428779-1DC4-4BBB-B7DA-C8BE874D35C6},163
-8572684.2021196,4704358.84230416,CAPITOL SKYLINE HOTEL,10 I STREET SW,20024,202-488-7500,203,http://www.capitolskyline.com/,399155.72,134576.96,temp_17,276385,,,,{4E6D0E1C-D0C2-4B71-897D-81375DFD6F9C},164
-8574209.47915749,4704288.03668621,CANOPY WASHINGTON DC THE WHARF,975 7TH STREET SW,20024,202-488-2500,,http://canopy3.hilton.com/en/hotels/district-of-columbia/canopy-by-hilton-washington-dc-the-wharf-DCACUPY/index.html,397966.81,134522.21,temp_153,313288,,,,{7A4EADB0-F96B-40C7-BC85-D78A001696BE},165
-8572041.96914974,4704169.92994909,COURTYARD WASHINGTON CAPITOL HILL/NAVY YARD,140 L STREET SE,20003,202-479-0027,204,http://www.marriott.com/hotels/travel/wasny-courtyard-washington-capitol-hill-navy-yard/,399656.31,134430.27,temp_28,299775,,,,{C1C583AB-AE56-4E45-AD74-4ECF9561456B},166
-8572409.93509609,4704022.47927947,HOMEWOOD SUITES WASHINGTON DC CAPITOL - NAVY YARD,50 M STREET SE,20003,202-899-2800,195,http://homewoodsuites3.hilton.com/en/hotels/district-of-columbia/homewood-suites-by-hilton-washington-dc-capitol-navy-yard-WASCAHW/index.html,399369.48,134315.82,temp_140,278548,,,,{AB618B8C-A158-456F-B01C-35E32AC26F51},167
-8572291.52959321,4703915.16133485,RESIDENCE INN WASHINGTON CAPITOL HILL/NAVY YARD,1233 1ST STREET SE,20003,202-770-2800,,https://www.marriott.com/hotels/travel/wasxr-residence-inn-washington-capitol-hill-navy-yard/,399461.77,134232.5,temp_142,70461,,,,{BE18B222-2D3D-45A5-9008-0AE2F4B7B258},168
-8572289.94261479,4703781.41680942,HAMPTON INN & SUITES WASHINGTON DC-NAVY YARD,1265 1ST STREET SE,20003,202-800-1000,,http://hamptoninn3.hilton.com/en/hotels/district-of-columbia/hampton-inn-and-suites-washington-dc-navy-yard-WASNYHX/index.html,399463,134128.67,temp_155,304845,,,,{37F6643C-0B53-4BFC-BCE7-E97204666DEC},169
